"om_scenario","hcr","metric","perfect","assessment","change","unit"
"Baseline","Constant F50","catch_aav",0.04756,0.05643,18.66,"% change"
"Baseline","F40, a=0","catch_aav",0.06527,0.07976,22.19,"% change"
"Baseline","F40, a=0.25","catch_aav",0.06787,0.08316,22.53,"% change"
"Baseline","F40, a=0.5","catch_aav",0.07297,0.08845,21.22,"% change"
"Baseline","F50, a=0","catch_aav",0.05556,0.06781,22.04,"% change"
"Baseline","F50, a=0.25","catch_aav",0.05803,0.07129,22.85,"% change"
"Baseline","F50, a=0.5","catch_aav",0.06282,0.07758,23.5,"% change"
"Baseline","Constant F50","med_catch",10.94,10.84,-0.8853,"% change"
"Baseline","F40, a=0","med_catch",12.58,12.94,2.876,"% change"
"Baseline","F40, a=0.25","med_catch",12.53,12.78,2.062,"% change"
"Baseline","F40, a=0.5","med_catch",12.5,12.83,2.654,"% change"
"Baseline","F50, a=0","med_catch",10.83,10.74,-0.8136,"% change"
"Baseline","F50, a=0.25","med_catch",10.79,10.73,-0.608,"% change"
"Baseline","F50, a=0.5","med_catch",10.75,10.7,-0.3914,"% change"
"Baseline","Constant F50","med_ssb",96.52,98.44,1.992,"% change"
"Baseline","F40, a=0","med_ssb",80.14,79.42,-0.8906,"% change"
"Baseline","F40, a=0.25","med_ssb",80.63,81.1,0.5854,"% change"
"Baseline","F40, a=0.5","med_ssb",81.35,81.55,0.2425,"% change"
"Baseline","F50, a=0","med_ssb",98.06,100.2,2.133,"% change"
"Baseline","F50, a=0.25","med_ssb",98.63,100.1,1.498,"% change"
"Baseline","F50, a=0.5","med_ssb",99.4,101.8,2.405,"% change"
"Baseline","Constant F50","p_closure",0,0,0,"percentage points"
"Baseline","F40, a=0","p_closure",0,0,0,"percentage points"
"Baseline","F40, a=0.25","p_closure",0,0,0,"percentage points"
"Baseline","F40, a=0.5","p_closure",0,0,0,"percentage points"
"Baseline","F50, a=0","p_closure",0,0,0,"percentage points"
"Baseline","F50, a=0.25","p_closure",0,0,0,"percentage points"
"Baseline","F50, a=0.5","p_closure",0,0,0,"percentage points"
"Baseline","Constant F50","p_crash",0,0,0,"percentage points"
"Baseline","F40, a=0","p_crash",0,0,0,"percentage points"
"Baseline","F40, a=0.25","p_crash",0,0,0,"percentage points"
"Baseline","F40, a=0.5","p_crash",0,0,0,"percentage points"
"Baseline","F50, a=0","p_crash",0,0,0,"percentage points"
"Baseline","F50, a=0.25","p_crash",0,0,0,"percentage points"
"Baseline","F50, a=0.5","p_crash",0,0,0,"percentage points"
"Baseline","Constant F50","term_status",0.9086,0.9005,-0.8903,"% change"
"Baseline","F40, a=0","term_status",0.924,0.9307,0.7327,"% change"
"Baseline","F40, a=0.25","term_status",0.9322,0.9144,-1.906,"% change"
"Baseline","F40, a=0.5","term_status",0.9396,0.9534,1.474,"% change"
"Baseline","F50, a=0","term_status",0.9395,0.973,3.567,"% change"
"Baseline","F50, a=0.25","term_status",0.9423,0.9401,-0.237,"% change"
"Baseline","F50, a=0.5","term_status",0.9469,0.9803,3.527,"% change"
"Regime","Constant F50","catch_aav",0.06649,0.06994,5.187,"% change"
"Regime","F40, a=0","catch_aav",0.1021,0.1084,6.124,"% change"
"Regime","F40, a=0.25","catch_aav",0.112,0.1168,4.213,"% change"
"Regime","F40, a=0.5","catch_aav",0.1267,0.1323,4.434,"% change"
"Regime","F50, a=0","catch_aav",0.09063,0.09418,3.921,"% change"
"Regime","F50, a=0.25","catch_aav",0.1,0.1029,2.85,"% change"
"Regime","F50, a=0.5","catch_aav",0.1174,0.1175,0.07148,"% change"
"Regime","Constant F50","med_catch",6.981,7.075,1.355,"% change"
"Regime","F40, a=0","med_catch",6.523,7.059,8.224,"% change"
"Regime","F40, a=0.25","med_catch",6.717,6.646,-1.055,"% change"
"Regime","F40, a=0.5","med_catch",6.199,6.773,9.25,"% change"
"Regime","F50, a=0","med_catch",5.843,6.025,3.106,"% change"
"Regime","F50, a=0.25","med_catch",5.681,5.853,3.04,"% change"
"Regime","F50, a=0.5","med_catch",4.974,5.419,8.948,"% change"
"Regime","Constant F50","med_ssb",58.38,56.96,-2.427,"% change"
"Regime","F40, a=0","med_ssb",48.96,49.95,2.014,"% change"
"Regime","F40, a=0.25","med_ssb",53.14,51.07,-3.903,"% change"
"Regime","F40, a=0.5","med_ssb",57.39,58.77,2.397,"% change"
"Regime","F50, a=0","med_ssb",63.44,63.93,0.7847,"% change"
"Regime","F50, a=0.25","med_ssb",66.05,66.64,0.8916,"% change"
"Regime","F50, a=0.5","med_ssb",69.14,71.8,3.836,"% change"
"Regime","Constant F50","p_closure",0,0,0,"percentage points"
"Regime","F40, a=0","p_closure",0,0,0,"percentage points"
"Regime","F40, a=0.25","p_closure",0,0,0,"percentage points"
"Regime","F40, a=0.5","p_closure",0,0.002842,0.2842,"percentage points"
"Regime","F50, a=0","p_closure",0,0,0,"percentage points"
"Regime","F50, a=0.25","p_closure",0,0,0,"percentage points"
"Regime","F50, a=0.5","p_closure",0,0.001967,0.1967,"percentage points"
"Regime","Constant F50","p_crash",0.001202,0.001858,0.06557,"percentage points"
"Regime","F40, a=0","p_crash",0,0,0,"percentage points"
"Regime","F40, a=0.25","p_crash",0,0,0,"percentage points"
"Regime","F40, a=0.5","p_crash",0,0,0,"percentage points"
"Regime","F50, a=0","p_crash",0,0,0,"percentage points"
"Regime","F50, a=0.25","p_crash",0,0,0,"percentage points"
"Regime","F50, a=0.5","p_crash",0,0,0,"percentage points"
"Regime","Constant F50","term_status",0.6401,0.6007,-6.148,"% change"
"Regime","F40, a=0","term_status",0.729,0.7265,-0.3484,"% change"
"Regime","F40, a=0.25","term_status",0.7852,0.8019,2.121,"% change"
"Regime","F40, a=0.5","term_status",0.8144,0.8555,5.053,"% change"
"Regime","F50, a=0","term_status",0.7157,0.7171,0.2019,"% change"
"Regime","F50, a=0.25","term_status",0.7446,0.7886,5.911,"% change"
"Regime","F50, a=0.5","term_status",0.8117,0.8334,2.67,"% change"
"Crash","Constant F50","catch_aav",0.07824,0.07846,0.2822,"% change"
"Crash","F40, a=0","catch_aav",0.111,0.115,3.583,"% change"
"Crash","F40, a=0.25","catch_aav",0.125,0.1272,1.747,"% change"
"Crash","F40, a=0.5","catch_aav",0.1408,0.1434,1.798,"% change"
"Crash","F50, a=0","catch_aav",0.09984,0.1008,0.9977,"% change"
"Crash","F50, a=0.25","catch_aav",0.1132,0.1135,0.2601,"% change"
"Crash","F50, a=0.5","catch_aav",0.132,0.1287,-2.534,"% change"
"Crash","Constant F50","med_catch",3.623,3.701,2.161,"% change"
"Crash","F40, a=0","med_catch",3.19,3.293,3.227,"% change"
"Crash","F40, a=0.25","med_catch",2.958,2.761,-6.676,"% change"
"Crash","F40, a=0.5","med_catch",1.472,0.9909,-32.69,"% change"
"Crash","F50, a=0","med_catch",2.67,2.654,-0.6048,"% change"
"Crash","F50, a=0.25","med_catch",2.136,2.088,-2.229,"% change"
"Crash","F50, a=0.5","med_catch",0.9498,0.7909,-16.72,"% change"
"Crash","Constant F50","med_ssb",30.24,28.49,-5.795,"% change"
"Crash","F40, a=0","med_ssb",31.89,31.09,-2.505,"% change"
"Crash","F40, a=0.25","med_ssb",37.23,36.43,-2.149,"% change"
"Crash","F40, a=0.5","med_ssb",44,44.15,0.353,"% change"
"Crash","F50, a=0","med_ssb",39.32,38.97,-0.8808,"% change"
"Crash","F50, a=0.25","med_ssb",42.21,43.64,3.392,"% change"
"Crash","F50, a=0.5","med_ssb",48.71,51.22,5.166,"% change"
"Crash","Constant F50","p_closure",0,0,0,"percentage points"
"Crash","F40, a=0","p_closure",0,0,0,"percentage points"
"Crash","F40, a=0.25","p_closure",0,0.002623,0.2623,"percentage points"
"Crash","F40, a=0.5","p_closure",0.1619,0.2079,4.601,"percentage points"
"Crash","F50, a=0","p_closure",0,0,0,"percentage points"
"Crash","F50, a=0.25","p_closure",0,0.0003279,0.03279,"percentage points"
"Crash","F50, a=0.5","p_closure",0.193,0.2235,3.049,"percentage points"
"Crash","Constant F50","p_crash",0.2953,0.3426,4.732,"percentage points"
"Crash","F40, a=0","p_crash",0.2117,0.233,2.131,"percentage points"
"Crash","F40, a=0.25","p_crash",0.1152,0.1525,3.727,"percentage points"
"Crash","F40, a=0.5","p_crash",0.02962,0.04645,1.683,"percentage points"
"Crash","F50, a=0","p_crash",0.07421,0.09202,1.781,"percentage points"
"Crash","F50, a=0.25","p_crash",0.03016,0.03781,0.765,"percentage points"
"Crash","F50, a=0.5","p_crash",0.003388,0.005027,0.1639,"percentage points"
"Crash","Constant F50","term_status",0.4972,0.461,-7.283,"% change"
"Crash","F40, a=0","term_status",0.6454,0.612,-5.171,"% change"
"Crash","F40, a=0.25","term_status",0.7167,0.7065,-1.425,"% change"
"Crash","F40, a=0.5","term_status",0.9398,0.9903,5.377,"% change"
"Crash","F50, a=0","term_status",0.6283,0.6315,0.5132,"% change"
"Crash","F50, a=0.25","term_status",0.6738,0.7002,3.916,"% change"
"Crash","F50, a=0.5","term_status",0.8393,0.8461,0.8179,"% change"
