"","age","wt_male_lb","grade_male","wt_female_lb","grade_female","rel_price_male","rel_price_female"
"1",2,4.36,"2/3",4.75,"2/3",0.243933326661828,0.243933326661828
"2",3,4.65,"2/3",5.22,"3/4",0.243933326661828,0.339944185304641
"3",4,4.93,"2/3",5.7,"3/4",0.243933326661828,0.339944185304641
"4",5,5.19,"3/4",6.17,"3/4",0.339944185304641,0.339944185304641
"5",6,5.44,"3/4",6.63,"3/4",0.339944185304641,0.339944185304641
"6",7,5.67,"3/4",7.09,"4/5",0.339944185304641,0.455634838792019
"7",8,5.89,"3/4",7.53,"4/5",0.339944185304641,0.455634838792019
"8",9,6.1,"3/4",7.97,"4/5",0.339944185304641,0.455634838792019
"9",10,6.29,"3/4",8.39,"5/7",0.339944185304641,0.740817241657514
"10",11,6.47,"3/4",8.8,"5/7",0.339944185304641,0.740817241657514
"11",12,6.63,"3/4",9.19,"5/7",0.339944185304641,0.740817241657514
"12",13,6.79,"3/4",9.58,"5/7",0.339944185304641,0.740817241657514
"13",14,6.93,"3/4",9.94,"5/7",0.339944185304641,0.740817241657514
"14",15,7.06,"4/5",10.3,"7+",0.455634838792019,1
"15",16,7.19,"4/5",10.64,"7+",0.455634838792019,1
"16",17,7.3,"4/5",10.96,"7+",0.455634838792019,1
"17",18,7.4,"4/5",11.27,"7+",0.455634838792019,1
"18",19,7.5,"4/5",11.56,"7+",0.455634838792019,1
"19",20,7.59,"4/5",11.85,"7+",0.455634838792019,1
"20",21,7.67,"4/5",12.12,"7+",0.455634838792019,1
"21",22,7.74,"4/5",12.37,"7+",0.455634838792019,1
"22",23,7.81,"4/5",12.61,"7+",0.455634838792019,1
"23",24,7.88,"4/5",12.84,"7+",0.455634838792019,1
"24",25,7.94,"4/5",13.06,"7+",0.455634838792019,1
"25",26,7.99,"4/5",13.27,"7+",0.455634838792019,1
"26",27,8.04,"5/7",13.47,"7+",0.740817241657514,1
"27",28,8.08,"5/7",13.65,"7+",0.740817241657514,1
"28",29,8.12,"5/7",13.83,"7+",0.740817241657514,1
"29",30,8.16,"5/7",13.99,"7+",0.740817241657514,1
"30",31,8.2,"5/7",14.15,"7+",0.740817241657514,1
